id,trial,gender,group,age,time,trial_type,1,2,3,4,5,6,7,8,9,10,correctness_1,correctness_2,correctness_3,correctness_4,correctness_5,correctness_6,correctness_7,correctness_8,correctness_9,correctness_10
1,1,M,exercise,29,09:33:36,"[False, True, False, False, True, False, False, False, True, False, False, False, True, True, True, False, False, False, True, True]",1.6788139343261719,1.3500070571899414,1.0202741622924805,0.9180459976196289,1.4831349849700928,1.31056809425354,1.5938010215759277,1.5770461559295654,0.7603299617767334,1.3177502155303955,1.5304489135742188,0.9962129592895508,1.0271790027618408,1.3027100563049316,1.2710583209991455,1.1769258975982666,1.4287769794464111,1.915065050125122,1.1616771221160889,1.1056840419769287,Correct,Correct,Correct,Correct,Correct,Correct,Correct,Correct,Correct,Correct,Correct,Correct,Correct,Correct,Correct,Correct,Correct,Correct,Correct,Correct
1,2,M,exercise,29,09:43:55,"[True, False, True, True, True, True, False, True, True, True, True, True, True, False, False, True, False, True, True, False]",0.8373467922210693,1.4196710586547852,1.1144380569458008,0.8861911296844482,0.870452880859375,0.9567780494689941,1.3027610778808594,0.9965000152587891,0.7449710369110107,1.0595479011535645,1.1295392513275146,0.6436779499053955,1.1141927242279053,1.5149149894714355,1.184725046157837,1.090634822845459,1.4600210189819336,1.1380529403686523,0.9018628597259521,1.6173789501190186,Correct,Correct,Correct,Correct,Correct,Correct,Correct,Correct,Correct,Correct,Correct,Correct,Correct,Correct,Correct,Correct,Correct,Correct,Correct,Correct
